start_time_s,end_time_s,pitch_midi,velocity,pitch_bend
137.77131020408163,139.16579138321995,29,105,0,0,0,0,0,0,0,0,0,0,0,0,0,0,0,0,0,0,0,0,0,0,0,0,0,0,0,0,0,0,0,0,0,0,0,0,0,0,0,0,0,0,0,0,0,0,0,0,0,0,0,0,0,0,0,0,0,0,0,0,0,0,0,0,0,0,0,0,0,0,0,0,0,0,0,0,0,0,0,0,0,0,0,0,0,0,0,0,0,0,0,0,0,0,0,0,0,0,0,0,0,0,0,0,0,0,0,0,0,0,0,0,0,0,0,0,0,0,0,0,0
135.08812154195013,135.23905124716555,61,57,1,1,1,1,1,1,1,2,1,1,1,1,1
132.10178956916099,132.29915918367348,62,59,1,1,1,2,1,1,1,1,1,1,1,1,1,1,1,1,1
132.10178956916099,132.65906848072564,47,56,1,1,1,1,1,1,1,1,1,1,1,1,1,1,1,1,1,1,1,1,1,1,1,1,1,1,1,1,1,1,1,1,1,1,1,1,1,1,1,1,1,1,1,1,1,1,1,1
131.95085986394557,132.10178956916099,47,55,1,1,1,1,1,1,1,1,1,0,0,0,1
130.34739909297053,130.55637868480727,54,79,1,1,1,1,1,1,1,1,1,1,1,1,1,1,1,1,1,1
129.72046031746032,130.02231972789116,66,63,1,1,1,1,1,1,1,1,1,1,1,1,1,1,1,1,1,1,1,1,1,1,1,1,1,1
129.3837709750567,129.62758049886622,59,58,1,1,1,1,1,1,1,1,1,1,1,1,1,1,1,1,1,1,1,1,0
129.17479138321997,129.3837709750567,59,68,1,1,1,1,1,1,1,1,1,1,1,1,1,1,1,1,1,1
125.78211020408163,125.93303990929705,71,58,1,1,1,1,1,1,1,1,1,1,1,1,1
121.7973201814059,122.04112970521541,59,77,1,0,0,0,1,1,1,1,1,1,1,1,1,1,1,1,1,1,1,1,1
121.58834058956916,121.77410022675737,61,90,1,1,1,1,1,1,1,1,1,1,1,1,1,1,1,1
121.37936099773242,121.56512063492063,62,80,1,1,1,1,1,1,1,1,1,1,1,1,1,1,1,1
120.84401814058957,121.0529977324263,54,75,1,1,1,1,1,1,1,1,1,1,1,1,1,1,1,1,1,1
120.5189387755102,120.76274829931972,57,84,0,1,1,1,1,1,1,1,1,1,1,1,1,1,1,1,1,1,1,1,1
120.21707936507936,120.40283900226757,59,70,1,1,1,1,1,1,1,1,1,1,1,1,1,1,1,1
119.892,120.08936961451246,61,74,1,1,1,1,1,1,1,1,1,1,1,1,1,1,1,1,1
119.57853061224489,119.77590022675737,62,71,1,1,1,1,1,1,1,1,1,1,1,1,1,1,1,1,1
119.25345124716553,119.450820861678,64,74,0,0,1,1,1,1,1,1,1,1,1,1,1,1,1,1,1
118.95030793650794,119.1825074829932,66,64,1,1,1,1,1,1,1,1,1,1,1,1,1,1,1,1,1,1,1,1
118.66005850340137,118.81098820861679,69,65,1,1,1,1,1,1,1,1,1,1,1,1,1
117.98667981859411,118.26531927437642,71,67,1,1,1,1,1,1,1,1,1,1,1,1,1,1,1,1,1,1,1,1,1,1,1,2
117.34813106575965,117.55711065759638,71,60,2,0,0,1,1,1,1,1,1,1,1,1,1,1,1,1,1,1
116.8360081632653,117.06820770975057,62,53,1,1,1,1,1,1,1,1,1,1,1,1,1,1,1,1,1,1,1,1
116.3019492063492,116.47609886621315,71,64,1,1,1,1,1,1,1,1,1,1,1,1,2,1,1
115.66340045351474,116.04652970521542,71,52,1,1,1,1,1,1,1,1,1,1,1,1,1,1,1,1,1,1,1,1,1,1,1,1,1,1,1,1,1,1,1,1,1
115.07000770975057,115.23383129251701,71,54,1,1,1,1,1,1,1,1,1,1,1,1,1,1,1
114.83780816326531,114.97712789115646,73,58,1,1,1,1,1,1,1,1,1,1,1,1
114.17603945578232,114.32696916099773,74,43,1,1,1,1,1,1,1,1,1,1,1,1,1
113.97866984126985,114.17603945578232,71,67,1,1,1,1,1,1,1,1,1,1,1,1,1,1,1,1,1
111.23614739229025,111.48124081632653,71,56,1,1,1,1,1,1,1,1,1,1,1,1,1,1,1,1,1,1,1,1,1,1
110.59759863945578,110.8065782312925,71,62,1,1,1,1,1,1,1,1,1,1,1,1,1,1,1,1,1,1
109.97065986394557,110.19124943310658,62,70,1,1,1,1,1,1,1,1,1,1,1,1,1,1,1,1,1,1,1
109.54109070294784,109.79651020408163,71,53,1,1,1,1,1,1,1,1,1,1,1,1,1,1,1,1,1,1,1,1,1,1
108.91286802721089,109.16828752834468,71,69,1,1,1,1,1,1,1,1,1,1,1,1,1,1,1,1,1,1,1,1,1,1
108.27431927437642,108.47168888888889,71,70,1,1,1,1,1,1,1,1,1,1,1,1,1,1,1,1,1
108.05372970521543,108.2162693877551,73,67,1,1,1,1,1,1,1,1,1,1,1,1,1,1
107.45001088435374,107.75187029478458,74,52,1,1,1,1,1,1,1,1,1,1,1,1,1,1,1,1,1,1,1,-2,-2,1,1,1,1,1
107.21652743764173,107.4035709750567,71,69,1,1,1,1,1,1,1,1,1,1,1,1,1,1,1,1,1
106.14840952380953,106.48509886621315,69,71,1,1,1,1,1,1,1,1,1,1,1,1,1,1,1,1,1,1,1,1,1,1,1,1,1,1,1,1,1
105.84655011337868,106.10196961451247,57,49,1,1,1,1,1,1,1,1,1,1,1,1,1,1,1,1,1,1,1,1,1,1
105.53308072562359,105.74206031746031,57,54,1,1,1,1,1,1,1,1,1,1,1,1,1,1,1,1,1,1
104.46367891156463,104.6262185941043,71,73,1,1,1,1,1,1,1,1,1,1,1,1,1,1
103.92961995464853,104.06893968253968,59,62,1,1,1,1,1,1,1,1,1,1,1,1
103.82513015873016,103.9992798185941,71,69,1,1,1,1,1,1,1,1,1,1,1,1,1,1,1
103.20851746031745,103.41878095238096,62,73,1,1,1,1,1,1,1,1,1,1,1,1,1,1,1,1,1,1,1
102.77894829931972,102.94148798185941,71,64,1,1,1,1,1,1,1,1,1,1,1,1,0,1
102.67445850340135,102.89504807256236,59,78,1,1,1,1,1,1,1,1,1,1,1,1,1,1,1,1,1,1,1
102.46547891156462,102.67445850340135,59,75,2,1,1,1,1,1,1,2,2,2,2,1,1,1,1,1,1,1
102.24488934240362,102.46547891156462,59,67,1,2,2,2,1,1,1,1,1,1,2,2,2,1,1,2,2,2,2
102.14039954648526,102.27971927437642,71,54,1,1,1,1,1,1,1,1,1,1,1,1
101.51346077097506,101.85015011337869,59,66,1,1,1,1,1,1,1,1,1,1,1,1,1,1,1,1,1,1,1,1,1,1,1,1,1,1,1,1,1
101.19870748299319,101.5947306122449,62,80,1,1,1,1,1,1,1,1,1,1,1,1,1,1,1,1,1,1,1,1,1,1,1,1,1,1,1,1,1,1,1,1,1,1,1
101.00133786848072,101.19870748299319,62,91,1,1,1,1,1,1,1,1,1,1,1,1,1,1,1,1,1
100.67625850340136,100.89684807256235,59,88,1,1,1,1,1,1,1,1,1,1,1,1,1,1,1,1,1,1,1
100.351179138322,100.69947845804988,62,82,2,2,1,1,1,1,1,1,1,1,1,1,1,1,1,1,1,1,1,1,1,1,1,1,1,1,1,1,1,1
100.03770975056689,100.29312925170068,64,64,0,0,0,0,0,0,1,0,1,1,1,1,1,1,1,1,1,1,1,1,1,1
99.30499727891157,99.58492063492064,66,57,1,1,1,1,1,1,1,1,1,1,1,1,1,1,1,1,1,1,1,1,1,1,1,1,1
99.09601768707483,99.24694739229025,57,65,1,1,1,1,1,1,1,1,1,1,1,1,1
98.87542811791384,99.09601768707483,57,52,0,0,0,1,1,1,1,1,1,1,1,1,1,1,1,1,1,1,0
98.2252693877551,98.37619909297052,54,77,1,1,1,1,1,1,1,1,1,1,1,0,0
97.70282040816328,97.84214013605443,62,71,1,1,1,1,1,1,1,1,1,1,1,1
97.59833061224491,97.90019002267574,66,56,1,1,1,1,1,1,1,1,1,1,0,1,1,1,1,1,1,1,1,1,1,1,1,1,1,1
97.38935102040817,97.57511065759638,59,81,1,1,1,1,1,2,2,2,1,1,1,1,1,1,1,1
97.19069750566894,97.38935102040817,59,85,1,1,1,1,1,1,1,1,1,1,1,1,1,1,1,1,1,1
95.6001306122449,95.79750022675738,59,68,1,1,1,1,1,1,1,1,1,1,1,1,1,1,1,1,1
95.3795410430839,95.6001306122449,59,86,1,1,1,1,1,1,1,1,1,1,1,1,1,1,1,1,1,1,1
94.75131836734694,94.96029795918368,61,75,1,1,1,1,1,1,1,1,1,1,1,1,1,1,1,1,1,1
94.43784897959183,94.71648843537415,62,84,1,1,1,1,1,1,1,1,1,1,1,1,1,1,1,1,1,1,1,1,1,1,1,1
92.75311836734693,92.96209795918367,71,66,1,1,1,1,1,1,1,1,1,1,1,1,1,1,1,1,1,1
92.21905941043083,92.358379138322,66,67,0,0,1,1,1,1,1,1,1,1,1,1
91.90559002267574,92.09134965986394,71,40,0,0,0,1,1,1,1,1,0,0,0,1,1,1,1,1
91.37024716553287,91.51085079365079,66,63,1,1,1,1,1,1,1,1,1,1,1,1,1
91.05677777777777,91.20770748299319,74,58,1,1,1,1,1,1,1,1,1,1,1,1,1
90.53432879818594,90.68525850340136,66,68,1,1,1,1,1,1,1,1,1,1,1,1,1
90.19763945578231,90.36017913832198,59,59,2,1,1,1,1,1,1,1,1,1,1,1,1,1
89.37204716553289,89.52426077097505,59,34,1,1,1,1,1,1,1,1,1,1,1,1,1,1
89.04696780045352,89.18628752834468,74,61,1,1,1,1,1,1,1,1,1,1,1,1
89.04696780045352,89.2095074829932,62,55,1,1,1,1,1,1,1,1,1,1,1,1,1,1
88.84959818594105,89.00052789115647,66,55,1,1,1,1,1,1,1,1,1,1,1,1,1
88.50129886621316,88.72188843537415,71,52,1,0,1,1,1,1,1,1,1,1,1,1,1,1,1,1,1,1,1
87.14164761904762,87.32740725623583,66,54,1,1,1,1,1,1,1,1,1,1,1,1,1,1,1,1
86.81656825396826,87.01393786848072,71,59,1,1,1,1,1,1,1,1,1,1,1,1,1,1,1,1,1
86.51470884353742,86.68885850340136,56,40,1,1,1,1,1,1,1,1,1,1,1,1,1,1,1
86.30572925170068,86.47987891156463,66,58,1,1,1,1,1,1,1,1,1,1,1,1,1,1,1
86.30572925170068,86.4566589569161,54,70,1,1,1,1,1,1,1,1,1,1,1,1,1
85.98064988662132,86.21284943310658,71,77,1,1,1,1,1,1,1,1,1,1,1,1,1,1,1,1,1,1,1,1
85.66718049886622,85.87616009070295,74,79,1,1,1,1,1,1,1,1,1,1,1,1,1,1,1,1,1,1
85.66718049886622,85.89938004535148,62,73,1,1,1,1,1,1,1,1,1,1,1,1,1,1,1,1,1,1,1,1
85.45820090702948,85.6091306122449,66,71,1,1,1,1,1,1,1,1,1,1,1,1,1
85.45820090702948,85.6091306122449,54,33,1,1,1,1,1,1,1,1,1,1,1,1,1
85.14344761904762,85.38725714285714,71,69,1,1,1,1,1,1,1,1,1,1,1,1,1,1,1,1,1,1,1,1,1
84.60938866213152,84.81836825396826,66,56,1,1,1,1,1,1,1,1,1,1,1,1,1,1,1,1,1,1
84.29591927437642,84.43523900226758,71,50,1,1,1,1,1,1,1,1,1,1,1,1
83.99405986394558,84.20303945578232,78,68,1,1,1,1,1,1,1,1,1,1,1,1,1,1,1,1,1,1
83.98244988662131,84.12176961451247,66,48,1,0,0,1,1,1,1,1,1,1,1,1
83.77347029478457,83.98244988662131,66,74,1,1,1,1,1,1,1,1,1,1,1,1,1,1,1,1,1,1
83.43678095238096,83.6109306122449,71,69,1,1,1,1,1,1,1,1,1,1,1,1,1,1,1
83.14524761904761,83.36583718820862,62,53,0,0,1,1,1,1,1,1,1,1,1,1,1,1,1,1,1,1,1
83.13363764172335,83.34261723356009,55,64,1,1,1,1,1,1,1,1,1,1,1,1,1,1,1,1,1,1
82.59957868480726,82.78533832199545,71,72,1,1,1,1,1,1,1,1,1,1,1,1,1,1,1,1
81.54307074829931,81.71722040816326,47,54,1,1,1,1,1,1,1,1,1,1,1,1,1,1,1
81.53146077097506,81.74044036281178,71,73,1,1,1,1,1,1,1,1,1,1,1,1,1,1,1,1,1,1
81.23992743764173,81.53146077097506,71,42,-2,-2,-2,1,1,1,1,1,1,1,1,1,1,1,1,1,1,1,1,1,1,1,1,1,1,1
81.23992743764173,81.42568707482994,64,50,1,1,1,1,1,1,1,1,1,1,1,1,1,1,1,1
80.91484807256236,81.10060770975058,61,56,1,1,1,1,1,1,1,1,1,1,1,1,1,1,1,1
80.91484807256236,81.05416780045353,49,46,1,1,1,1,1,1,1,1,1,1,1,1
80.60137868480726,80.83357823129252,64,51,1,1,1,1,1,1,1,1,1,1,1,1,1,1,1,1,1,1,1,1
80.60137868480726,80.78713832199547,49,48,0,0,1,1,1,1,1,1,1,1,1,1,1,1,1,1
80.04409977324264,80.25307936507937,59,56,1,1,1,1,1,1,1,1,1,1,1,1,1,1,1,1,1,1
79.75385034013605,80.04409977324264,59,56,1,1,1,1,1,1,1,1,1,1,1,1,1,1,1,1,1,1,1,1,1,1,1,1,1
79.75385034013605,79.95121995464854,47,52,1,1,1,1,1,1,1,1,1,1,1,1,1,1,1,1,1
79.75385034013605,79.99765986394559,40,45,1,1,1,1,1,1,1,1,1,1,1,1,1,1,1,1,1,1,1,1,1
78.6844485260771,78.82376825396825,66,66,1,1,1,1,1,1,1,1,1,1,1,1
78.370979138322,78.54512879818594,71,57,1,1,1,1,1,1,1,1,1,1,1,1,1,0,1
77.8369201814059,78.150389569161,66,69,1,1,1,1,1,1,1,1,1,1,1,1,1,1,1,1,1,1,1,1,1,1,1,1,1,1,1
77.53506077097506,77.75565034013606,59,62,1,1,1,1,1,1,1,1,1,1,1,1,1,1,1,1,1,1,1
76.9997179138322,77.19708752834467,66,75,1,1,1,1,1,1,1,1,1,1,1,1,1,1,1,1,1
76.6862485260771,76.82556825396826,71,65,1,1,1,1,1,1,1,1,1,1,1,1
76.6862485260771,76.91844807256236,59,71,1,1,1,1,1,1,1,1,1,1,1,1,1,1,1,1,1,1,1,1
76.67463854875284,76.86039818594104,50,48,1,1,1,1,1,1,1,1,1,1,1,1,1,1,1,1
76.38438911564626,76.6862485260771,59,77,1,1,1,1,1,1,1,1,1,1,1,1,1,1,1,1,1,1,1,1,1,1,1,1,1,1
76.38438911564626,76.52370884353742,43,41,1,1,1,1,1,1,1,1,1,1,1,1
76.372779138322,76.52370884353742,62,56,1,1,1,1,1,1,1,1,1,1,1,1,1
76.372779138322,76.65141859410431,55,76,1,1,1,1,1,1,1,1,1,1,1,1,1,1,1,1,1,1,1,1,1,1,1,1
76.372779138322,76.66302857142857,50,59,1,1,1,1,1,1,1,1,1,1,1,1,1,1,1,1,1,1,1,1,1,1,1,1,1
75.85033015873016,76.04769977324263,71,67,1,1,1,1,1,1,1,1,1,1,1,1,1,1,1,1,1
75.83872018140589,76.0244798185941,59,63,1,1,1,1,1,1,1,1,1,1,1,1,1,1,1,1
75.5252507936508,75.69940045351474,74,69,1,1,1,1,1,1,1,1,1,1,1,1,1,1,1
75.3149873015873,75.46591700680271,66,56,1,1,1,1,1,1,1,1,1,1,1,1,1
75.0015179138322,75.16405759637188,71,59,1,1,1,1,1,1,1,1,1,1,1,1,1,1
74.6880485260771,74.93185804988661,59,50,1,1,1,1,1,1,1,1,1,1,1,1,1,1,1,1,1,1,1,1,1
74.6880485260771,75.43108707482993,47,51,2,2,2,1,1,1,1,1,1,1,1,1,1,1,1,1,1,1,1,1,1,1,1,1,1,1,1,1,1,1,1,1,1,1,1,1,1,1,1,1,1,1,1,1,1,1,1,1,1,1,1,1,1,1,1,1,1,1,1,1,1,1,1,1
74.4674589569161,74.61838866213152,66,63,1,1,1,1,1,1,1,1,1,1,1,1,1
73.6199306122449,73.81730022675737,66,55,0,0,1,1,1,1,1,1,1,1,1,1,1,1,1,1,1
73.30517732426303,73.44449705215419,71,61,1,1,1,1,1,1,1,1,1,1,1,1
73.29356734693877,73.49093696145124,59,58,1,1,1,1,1,1,1,1,1,1,1,1,1,1,1,1,1
73.00331791383219,73.30517732426303,71,55,1,1,1,1,1,1,1,1,1,1,1,1,1,1,1,1,1,1,1,1,1,1,1,1,1,1
72.99170793650794,73.29356734693877,59,69,1,1,1,1,1,1,1,1,1,1,1,1,1,1,1,1,1,1,1,1,1,1,1,1,1,1
72.7827283446712,72.92204807256235,66,73,1,1,1,1,1,1,1,1,1,1,1,1
72.4692589569161,72.68984852607709,71,73,1,1,1,1,1,1,1,1,1,1,1,1,1,1,1,1,1,1,1
72.14417959183673,72.376379138322,74,73,1,1,1,1,1,1,1,1,1,1,1,1,1,1,1,1,1,1,1,1
71.92359002267573,72.08612970521541,66,74,1,1,1,1,1,1,1,1,1,1,1,1,1,1
71.62173061224489,71.83071020408163,71,64,2,2,1,1,1,1,1,1,1,1,1,1,1,1,1,1,1,1
71.31858730158731,71.48112698412699,74,63,1,1,1,1,1,1,1,1,1,1,1,1,1,1
71.30697732426304,71.46951700680273,62,47,1,1,1,1,1,1,1,1,1,1,1,1,1,1
71.09799773242631,71.30697732426304,66,78,1,1,1,1,1,1,1,1,1,1,1,1,1,1,1,1,1,1
70.77291836734695,70.95867800453516,71,65,0,0,1,1,1,1,1,1,1,1,1,1,1,1,1,1
70.44783900226759,70.62198866213153,74,67,1,1,1,1,1,1,1,1,1,1,1,1,1,1,1
70.23885941043085,70.40139909297052,66,69,1,1,1,1,1,1,1,1,1,1,1,1,1,1
69.92539002267574,70.07631972789116,71,52,1,1,1,1,1,1,1,1,1,1,1,1,1
69.61192063492064,69.77446031746032,74,68,0,1,1,1,1,1,1,1,1,1,1,1,1,1
68.76310839002268,68.9140380952381,74,61,1,1,1,1,1,1,1,1,1,1,1,1,1
67.70660045351474,67.89236009070295,71,70,1,1,1,1,1,1,1,1,1,1,1,1,1,1,1,1
67.5079469387755,67.64855056689343,73,69,0,1,1,1,1,1,1,1,1,1,1,1,1
67.31057732426304,67.49633696145125,74,76,1,1,1,1,1,1,1,1,1,1,1,1,1,1,1,1
66.76490839002267,66.90422811791383,74,77,1,1,1,1,1,1,1,1,1,1,1,1
66.45143900226758,66.602368707483,74,67,1,1,1,1,1,1,1,1,1,1,1,1,1
65.2311074829932,65.5923006802721,78,58,1,1,1,1,1,1,1,2,2,2,2,2,1,1,1,1,1,1,1,1,1,1,1,1,1,1,1,1,1,1,1,1
63.90757006802721,64.15137959183673,71,62,1,1,1,1,1,1,1,1,1,1,1,1,1,1,1,1,1,1,1,1,1
63.582490702947844,63.90757006802721,71,57,1,1,1,1,1,1,1,1,1,1,1,1,1,1,1,1,1,1,1,1,1,1,1,1,1,1,1,1
63.372227210884354,63.582490702947844,71,83,1,1,1,1,1,1,1,1,1,1,1,1,1,1,1,1,1,1,1
62.10673968253968,62.338939229024945,71,60,1,1,1,1,1,1,1,1,1,1,1,1,2,2,2,2,2,1,1,1
61.897760090702945,62.10673968253968,71,75,1,1,1,1,1,1,1,1,1,1,1,1,1,1,1,1,1,1
61.88615011337868,62.10673968253968,74,53,1,1,1,1,-8,-8,-8,1,1,1,1,1,1,1,1,1,1,1,1
61.688780498866215,61.897760090702945,71,73,1,1,1,1,1,1,1,1,1,1,1,1,1,1,1,1,1,1
60.32912925170068,60.50327891156462,74,60,1,1,1,1,1,1,1,1,1,1,1,1,1,1,1
59.99243990929705,60.22463945578231,71,81,1,1,1,1,1,1,1,1,1,1,1,1,1,1,1,1,1,1,1,1
58.83015827664399,59.004307936507935,69,50,1,1,1,1,1,1,1,1,1,1,1,1,1,1,1
58.51668888888889,58.83015827664399,69,65,1,1,1,1,1,1,1,1,1,1,1,1,1,1,1,1,1,1,1,1,1,1,1,1,1,1,1
58.307709297052156,58.51668888888889,69,57,1,1,1,1,1,1,1,1,1,1,1,1,1,1,1,1,1,1
57.145427664399094,57.3311873015873,71,39,1,1,1,1,1,1,1,1,1,1,1,1,1,1,1,1
56.83195827664399,57.145427664399094,71,69,1,1,1,1,1,1,1,1,1,1,1,1,1,1,1,1,1,1,1,1,1,1,1,1,1,1,1
56.62297868480726,56.83195827664399,71,59,1,1,1,1,1,1,1,1,1,2,1,1,1,1,1,1,1,1
55.87994013605442,56.112139682539684,71,66,1,1,1,1,1,1,1,1,1,1,1,1,1,1,1,1,1,1,1,1
55.460697052154195,55.624520634920636,71,57,1,1,1,1,1,1,1,1,1,1,1,1,1,1,1
55.1472276643991,55.460697052154195,71,53,1,1,1,1,1,1,1,1,1,1,1,0,0,0,1,1,2,1,1,1,1,1,1,1,1,1,1
54.9266380952381,55.1472276643991,71,57,1,1,1,1,1,1,1,1,1,1,1,1,1,1,1,1,1,1,1
54.311309297052155,54.49706893424037,59,64,1,1,1,1,1,1,1,1,1,1,1,1,1,1,1,1
54.00944988662132,54.218429478458056,62,72,1,1,1,1,1,1,1,1,1,1,1,1,1,1,1,1,1,1
53.8585201814059,54.00944988662132,62,81,1,1,1,1,1,1,1,1,1,1,1,1,1
53.56698684807256,53.74242040816327,66,59,1,1,1,1,1,1,1,1,1,1,1,1,1,1,1,1
53.36961723356009,53.57859682539682,59,64,1,1,1,1,1,1,1,1,1,1,1,1,1,1,1,1,1,1
53.03292789115646,53.334787301587305,62,75,1,1,1,1,1,1,1,1,1,1,1,1,1,1,1,1,1,1,1,1,1,1,1,1,1,1
52.731068480725625,52.998097959183674,64,66,1,1,1,1,1,1,1,1,1,1,1,1,1,1,1,1,1,1,1,1,1,1,1
51.97641995464853,52.18539954648526,69,58,0,1,1,1,1,1,1,1,1,1,1,1,1,1,1,1,1,1
51.75583038548753,52.06929977324263,57,60,1,1,1,1,1,1,1,1,1,1,1,1,1,1,1,1,1,1,1,1,1,1,1,0,0,0,0
51.55717687074829,51.75583038548753,57,56,1,1,1,1,1,1,1,1,1,0,0,0,0,1,1,1,1,1
50.593548752834465,50.74447845804988,62,68,1,1,1,1,1,1,1,1,1,1,1,1,1
50.38456916099773,50.535498866213146,59,74,0,0,0,0,1,1,1,1,1,1,1,1,1
50.07109977324263,50.38456916099773,59,84,1,1,1,1,1,1,1,1,1,1,1,1,1,1,1,1,1,1,1,1,1,1,1,1,1,1,0
49.86212018140589,50.07109977324263,59,66,1,1,1,1,1,1,1,1,1,2,2,1,1,1,1,1,1,1
49.15262766439909,49.349997278911566,59,67,1,1,1,1,1,1,1,1,1,1,1,1,1,1,1,1,1
48.37475918367347,48.67661859410431,59,63,1,1,1,1,1,1,1,1,1,1,1,1,1,1,1,1,1,0,1,1,1,1,1,1,1,1
48.16577959183674,48.37475918367347,59,79,2,0,0,0,0,1,1,1,1,1,1,1,1,1,2,2,2,1
47.10798775510204,47.42145714285714,66,61,1,1,1,1,1,1,1,1,1,1,0,1,1,1,1,1,1,0,0,0,1,1,1,1,1,1,1
46.79451836734694,46.94544807256236,54,68,0,0,1,1,1,1,1,1,1,1,1,1,1
46.70163854875283,46.991887981859406,62,54,1,1,1,1,1,1,1,1,0,0,0,0,0,0,0,0,1,1,1,1,1,1,1,1,1
46.376559183673464,46.597148752834464,59,82,1,1,1,1,1,1,1,1,1,1,1,1,1,1,1,1,1,1,1
45.946990022675735,46.26045941043084,52,87,1,1,1,1,1,1,1,1,1,1,1,1,1,1,1,1,1,1,1,1,1,1,1,1,1,1,1
45.527746938775515,45.71479047619047,50,57,1,1,1,1,1,1,1,1,1,1,1,1,1,1,1,1,1
45.423257142857146,45.574186848072564,57,66,0,0,0,0,1,1,1,1,1,1,1,1,1
45.21427755102041,45.423257142857146,57,80,0,0,1,1,1,1,1,1,1,1,1,1,1,1,1,1,1,1
45.20266757369615,45.37681723356009,69,29,2,1,1,1,1,2,-2,-2,1,1,1,1,1,1,1
44.99368798185941,45.21427755102041,57,64,1,1,0,1,1,1,1,1,1,1,1,1,1,0,0,0,0,1,1
44.79631836734694,44.95885804988662,69,39,1,1,1,1,1,1,1,1,0,1,1,1,1,1
44.79631836734694,44.99368798185941,57,71,0,0,0,1,1,1,1,1,1,1,1,1,1,1,1,1,1
44.25064943310658,44.587338775510204,50,91,1,1,1,1,1,1,1,1,1,1,1,1,1,1,1,1,1,1,1,1,1,1,1,1,1,1,1,1,1
44.14615963718821,44.29708934240363,59,81,1,1,1,1,1,1,1,1,1,1,1,1,1
43.83269024943311,44.03005986394558,62,95,0,1,1,1,1,1,1,1,1,1,1,1,1,1,1,1,-2
43.63403673469388,43.85591020408163,59,81,1,1,1,1,1,1,1,1,1,1,1,1,1,1,1,1,1,1,1,0
43.51793696145125,43.70369659863945,71,29,0,0,0,1,1,1,1,1,1,1,1,1,1,1,1,1
43.32056734693877,43.63403673469388,59,79,1,1,1,1,1,1,1,1,1,1,1,1,1,1,1,1,1,1,1,1,1,1,1,1,1,1,1
43.11158775510204,43.30895736961451,71,49,-1,0,1,1,1,1,1,1,1,1,1,1,1,1,1,1,1
43.099977777777774,43.32056734693877,59,81,1,1,1,1,1,1,1,1,1,1,1,1,1,1,1,1,1,1,1
42.565918820861675,42.890998185941044,43,85,1,1,1,1,1,1,1,1,1,1,1,1,1,1,1,1,1,1,1,1,1,1,2,2,2,2,2,2
42.34532925170068,42.565918820861675,59,58,1,1,1,1,1,1,1,1,1,1,1,1,1,1,1,1,1,1,1
42.14795963718821,42.356939229024945,47,55,1,1,1,1,1,1,1,1,1,1,1,1,1,1,1,1,1,1
41.93898004535147,42.14795963718821,59,79,0,0,1,1,1,1,1,1,1,1,1,1,1,1,1,1,1,1
41.82288027210884,42.00863990929705,71,30,0,0,1,1,1,1,1,1,1,0,0,1,1,1,1,1
41.71839047619048,41.93898004535147,59,66,1,1,1,1,1,1,1,1,0,1,1,1,1,1,1,1,1,1,0
41.51973696145125,41.71839047619048,59,74,0,0,0,1,1,1,1,1,1,1,1,1,1,1,1,1,1,1
41.40363718820862,41.601006802721095,71,36,0,0,0,0,0,0,1,0,0,0,0,0,1,1,1,1,1
41.29914739229025,41.51973696145125,59,78,1,1,1,1,1,1,1,1,1,1,1,1,1,1,1,1,1,1,0
40.68381859410431,40.89279818594105,59,69,2,2,2,1,1,1,1,1,1,1,1,1,1,1,1,1,1,1
40.46322902494332,40.64898866213152,61,88,1,1,1,1,1,1,1,1,1,1,1,1,1,1,1,1
40.25424943310658,40.451619047619054,62,83,1,1,1,1,1,1,1,1,1,1,1,1,1,1,1,1,-2
39.184847619047616,39.33577732426304,64,55,1,1,1,1,1,1,1,1,1,1,1,1,1
38.77849841269841,39.184847619047616,64,53,1,1,1,1,1,1,1,1,1,1,1,1,0,0,0,1,1,1,1,1,1,1,1,1,1,1,1,1,1,1,1,1,1,1,1
38.38375918367347,38.523078911564625,66,72,1,1,1,1,1,1,1,1,1,1,1,1
38.17477959183673,38.38375918367347,66,72,1,1,1,1,1,1,1,1,1,1,1,1,1,1,1,1,1,1
36.86156825396825,37.11698775510204,71,66,1,1,1,2,2,2,1,1,1,1,1,1,1,1,1,1,1,1,1,1,1,1
36.24623945578231,36.43199909297052,71,76,2,1,1,1,1,1,1,1,1,1,1,1,1,2,2,2
35.71089659863946,35.897940136054416,62,47,1,1,1,1,1,1,1,1,1,1,1,1,1,1,1,1,1
35.18844761904762,35.39742721088435,71,66,1,1,1,1,1,1,1,1,1,1,1,1,1,1,1,1,1,1
34.549898866213155,34.712438548752836,71,66,1,1,1,1,1,1,1,1,1,1,1,1,1,1
32.85355827664399,33.02770793650794,71,70,1,1,1,1,1,1,1,1,1,1,1,1,1,1,1
31.78544036281179,31.93637006802721,69,53,1,1,1,1,1,0,0,0,0,0,1,1,1
31.168827664399092,31.31975736961451,69,67,1,1,1,1,1,1,1,1,1,1,1,1,1
30.123929705215417,30.414179138321995,71,64,2,1,1,1,1,1,1,1,1,1,1,1,1,1,1,1,2,2,1,1,1,1,1,1,1
29.47248707482993,29.704686621315194,71,76,1,1,1,1,1,1,1,1,1,1,1,1,1,1,1,1,1,1,1,1
28.845548299319727,29.066137868480727,62,83,1,1,1,1,1,1,1,1,1,1,1,1,1,1,1,1,1,1,1
28.427589115646256,28.62495873015873,71,74,1,1,1,1,1,1,1,1,1,1,1,1,1,1,1,1,1
27.77614648526077,28.02123990929705,71,71,1,1,1,1,1,1,1,1,1,1,1,1,1,1,1,1,1,1,1,1,1,1
26.70802857142857,27.230477551020407,70,68,1,1,1,1,1,1,1,1,1,1,1,1,1,1,1,1,1,1,1,1,1,1,1,1,1,1,1,1,1,1,1,1,1,1,1,1,1,1,1,1,1,1,1,1,1
26.499048979591837,26.70802857142857,70,68,4,4,1,1,1,1,1,1,1,1,1,1,1,1,1,1,1,1
26.336509297052153,26.499048979591837,71,60,1,1,1,1,1,1,1,1,1,1,1,1,1,1
25.872110204081633,26.336509297052153,71,66,1,1,1,1,1,1,1,1,1,1,1,1,1,1,1,1,1,1,1,1,1,1,1,1,1,1,1,1,1,1,1,1,1,1,1,1,1,1,1,1
25.73150657596372,25.872110204081633,71,68,1,1,1,1,1,1,1,1,1,1,1,1,1
25.464477097505668,25.685066666666668,73,87,1,1,1,1,1,1,1,1,1,1,1,1,1,1,1,1,1,1,1
25.174227664399094,25.359987301587303,74,71,1,1,1,1,1,1,1,1,1,1,1,1,1,1,1,1
24.8259283446712,24.96524807256236,76,50,1,1,1,1,1,1,1,1,1,1,1,1
24.616948752834467,24.802708390022676,74,73,1,1,1,1,1,1,1,1,1,1,1,0,0,0,0,1
24.338309297052156,24.54728888888889,76,74,0,1,1,1,1,1,1,1,1,1,1,1,1,1,1,1,1,1
23.990009977324263,24.187379591836734,78,59,1,1,1,1,1,1,1,1,1,1,1,1,1,1,1,1,1
23.873910204081632,24.071279818594103,74,74,1,1,1,1,1,1,1,1,1,1,1,1,1,1,1,1,1
23.54754693877551,23.69847664399093,73,70,1,1,1,1,1,1,1,1,1,1,1,1,1
23.15280770975057,23.373397278911565,74,83,1,1,1,1,1,1,1,1,1,1,1,1,1,1,1,1,1,1,1
22.93221814058957,23.141197732426306,73,92,1,1,1,1,1,1,1,1,1,1,1,1,1,1,1,1,1,1
22.305279365079365,22.514258956916102,73,76,1,1,1,1,1,1,1,1,1,1,1,1,1,1,1,1,1,1
21.875710204081635,22.200789569161,78,73,1,1,1,1,1,1,1,1,1,1,1,1,1,1,1,1,1,1,1,1,1,1,1,1,1,1,1,1
21.875710204081635,22.073079818594106,66,62,1,1,1,1,1,1,1,1,1,1,1,1,1,1,1,1,1
21.46807709750567,21.642226757369617,74,80,1,1,1,1,1,1,1,1,1,1,1,1,1,1,1
20.78308843537415,21.131387755102043,71,66,1,1,1,1,1,1,1,1,1,1,1,1,1,1,1,1,1,1,1,1,1,1,1,1,1,1,1,1,1,1
20.58571882086168,21.00367800453515,59,62,1,1,1,1,1,1,1,1,1,1,1,1,1,1,1,1,1,1,1,1,1,1,1,1,1,1,1,1,1,1,1,1,1,1,1,1
19.81817641723356,20.21419954648526,70,62,1,1,1,1,1,1,1,1,1,1,1,1,1,1,1,1,1,1,1,1,1,1,1,1,1,1,1,1,1,1,1,1,1,1,1
19.609196825396825,19.81817641723356,66,75,1,1,1,1,1,1,1,1,1,1,1,1,1,1,1,1,1,1
19.44665714285714,19.609196825396825,66,83,1,1,1,1,1,1,1,1,1,1,1,1,1,1
19.226067573696145,19.44665714285714,66,80,1,1,1,1,1,1,1,1,1,1,1,1,1,1,1,1,1,1,1
18.98225804988662,19.226067573696145,66,72,1,1,1,1,1,1,1,1,1,1,1,1,1,1,1,1,1,1,1,1,1
18.703618594104306,18.889378231292515,73,67,1,1,1,1,1,1,2,2,2,2,1,1,2,2,2,2
18.37853922902494,18.59912879818594,74,80,1,1,1,1,1,1,1,1,1,1,1,1,1,1,1,1,1,1,1
18.37853922902494,18.622348752834466,62,62,1,1,1,1,1,1,1,1,1,1,1,1,1,1,1,1,1,1,1,1,1
18.053459863945577,18.250829478458048,76,59,0,0,0,1,1,1,1,1,1,1,1,1,1,1,1,1,1
17.85480634920635,18.041849886621314,74,81,1,1,1,1,1,1,1,1,1,1,1,1,1,1,1,1,1
17.20464761904762,17.494897052154194,74,85,1,1,1,1,1,1,1,1,1,1,1,1,1,1,1,1,1,1,1,1,1,1,1,1,1
17.01888798185941,17.25108752834467,71,92,1,1,1,1,1,1,1,1,1,1,1,1,1,1,1,1,1,1,1,1
16.693808616780043,16.960838095238095,73,96,1,1,1,1,1,1,1,1,1,1,1,1,1,1,1,1,1,1,1,1,1,1,1
16.40355918367347,16.60092879818594,74,88,1,1,1,1,1,1,1,1,1,1,1,1,1,1,1,1,1
16.159749659863945,16.391949206349206,73,93,1,1,1,1,1,1,1,1,1,1,1,1,1,1,1,1,1,1,1,1
15.55474693877551,15.752116553287982,73,76,1,1,1,1,1,1,1,1,1,1,1,1,1,1,1,1,1
15.55474693877551,15.775336507936508,61,72,1,1,1,1,1,1,1,1,1,1,1,1,1,1,1,1,1,1,1
15.148397732426304,15.461867120181406,78,73,1,1,1,1,1,1,1,1,1,1,1,1,1,1,1,1,1,1,1,1,1,1,1,1,1,1,1
15.10195782312925,15.35737732426304,66,76,1,1,1,1,1,1,1,1,1,1,1,1,1,1,1,1,1,1,1,1,1,1
14.997468027210884,15.136787755102041,80,76,1,1,1,1,1,1,1,1,1,1,1,1
14.67238866213152,14.811708390022675,74,68,1,1,1,1,1,1,1,1,1,1,1,1
13.62620680272109,14.289259410430839,59,58,0,1,1,1,1,1,1,1,1,1,1,1,1,1,1,1,1,1,1,1,1,1,1,1,1,1,1,1,1,1,1,1,1,1,1,1,1,1,1,1,1,1,1,1,1,1,1,1,1,1,1,1,1,1,1,1,1,1
13.452057142857143,13.719086621315194,71,51,0,1,1,1,1,1,1,1,1,1,1,1,1,1,1,1,1,1,1,1,1,1,1
12.151739682539683,12.325889342403629,61,77,1,1,1,1,1,1,1,1,1,1,1,1,1,1,1
11.942760090702949,12.151739682539683,61,97,1,1,1,1,1,1,1,1,1,1,1,1,1,1,1,1,1,1
11.628006802721089,11.86020634920635,62,94,1,1,1,1,1,1,1,1,1,1,1,1,1,1,1,1,1,1,1,1
11.337757369614513,11.51190702947846,64,72,1,1,1,1,1,1,1,1,1,1,1,1,2,2,2
11.093947845804989,11.302927437641724,62,92,1,1,1,1,1,1,1,1,1,1,1,1,1,1,1,1,1,2
10.455399092970522,10.699208616780046,62,96,1,1,1,1,1,1,1,1,1,1,1,1,1,1,1,1,1,1,1,2,2
10.246419501133788,10.44378911564626,59,90,1,1,1,1,1,1,1,1,1,1,1,1,1,1,1,1,1
9.932950113378686,10.165149659863946,61,92,2,1,1,1,1,1,1,1,1,1,1,1,1,1,1,1,1,1,1,1
9.64141678004535,9.885226303854875,62,95,1,1,1,1,1,1,1,1,1,1,1,1,1,1,1,1,1,1,1,1,1
9.40921723356009,9.618196825396826,61,89,1,1,1,1,1,1,1,1,1,1,1,1,1,1,1,1,1,1
8.770668480725623,9.014478004535148,61,94,1,1,1,2,2,1,1,1,1,1,1,1,1,1,1,1,1,1,1,1,1
8.561688888888888,8.72422857142857,66,77,0,0,0,0,1,1,1,1,1,1,1,1,1,1
8.364319274376417,8.561688888888888,66,94,1,1,1,1,1,1,1,1,1,1,1,1,1,1,2,2,2
6.969838095238095,7.132377777777778,59,85,0,1,1,1,1,1,1,1,1,1,1,1,1,1
6.540268934240363,6.6911986394557825,71,89,1,1,1,1,1,1,1,1,1,1,1,1,1
3.275297505668934,3.4146172335600906,83,83,1,1,1,1,1,1,1,1,1,1,1,1
3.0547079365079366,3.194027664399093,78,87,1,1,1,1,1,1,1,1,1,1,1,1
2.8689482993197277,3.0547079365079366,78,50,1,1,1,1,1,1,1,1,1,1,-5,-5,-5,-5,-5,-5
1.172607709750567,1.4396371882086167,57,68,1,1,1,1,1,1,1,1,0,0,0,1,1,1,1,1,1,1,1,1,1,1,1
1.0448979591836736,1.230657596371882,60,45,1,1,1,1,1,1,1,1,1,1,1,1,1,1,1,1
0.7894784580498866,0.9404081632653061,65,50,1,1,1,1,1,1,1,1,1,1,1,1,1
0.7894784580498866,0.9520181405895691,53,40,1,1,1,1,1,1,1,1,1,1,1,1,1,1
0.3831292517006803,0.7894784580498866,65,49,1,1,1,1,1,1,1,1,1,1,1,1,1,1,1,1,1,1,1,1,1,1,1,1,1,1,1,1,1,1,1,1,1,1,1
0.3250793650793651,0.603718820861678,60,41,1,1,1,1,1,1,1,1,1,1,1,1,1,1,1,1,1,1,1,1,1,1,1,1
6.609928798185941,6.772468480725624,66,85,1,1,1,1,1,1,1,1,1,1,1,1,1,1
6.191969614512471,6.354509297052155,66,80,1,1,1,1,1,1,1,1,1,1,1,1,1,1
8.201779591836734,8.352709297052154,68,79,1,1,1,1,1,1,1,1,1,1,1,1,1
60.71225850340136,60.851578231292514,73,77,1,0,1,1,1,1,1,1,1,1,1,1
23.73330657596372,23.885520181405898,71,76,1,1,1,1,1,1,1,1,1,1,1,1,1,1
67.06676780045352,67.20608752834467,73,77,1,1,1,1,1,1,1,1,1,1,1,1
137.27208117913833,137.75970022675736,29,64,0,0,0,0,0,0,0,0,0,0,0,0,0,0,0,0,0,0,0,0,0,0,0,0,0,0,0,0,0,0,0,0,0,0,0,0,0,0,0,0,0,0
47.40984716553288,47.54916689342404,71,75,1,1,1,1,1,1,1,1,1,1,1,-2
45.784450340136054,45.93538004535147,66,72,1,1,1,1,1,1,1,1,1,1,1,1,1
129.7901201814059,129.92943990929706,62,72,0,1,1,1,1,1,1,1,1,1,1,1
99.77068027210883,99.91,59,71,1,1,1,1,1,1,1,1,1,1,1,1
104.30113922902494,104.46367891156463,59,68,1,1,1,1,1,1,1,1,1,1,1,1,1,1
50.88379818594104,51.03472789115646,59,68,1,1,1,1,1,1,1,1,1,1,1,1,1
89.64036054421769,89.77968027210883,66,69,1,1,1,1,2,2,2,2,2,2,2,2
6.412559183673469,6.551878911564626,62,66,1,1,1,1,1,1,1,1,1,1,1,1
106.55475873015874,106.69407845804989,71,66,1,1,1,1,1,1,1,1,1,1,1,1
112.88604807256236,113.03697777777778,69,67,1,1,1,1,1,1,1,1,1,1,1,1,1
95.98325986394558,96.12257959183674,59,68,1,1,1,1,1,1,1,1,1,1,1,1
40.76508843537415,41.18304761904762,47,70,1,1,1,1,1,1,1,1,1,1,1,1,1,1,1,1,1,1,1,1,1,1,1,1,1,1,1,1,1,1,1,1,1,1,1,1
97.99306984126984,98.132389569161,62,63,1,1,1,1,1,1,1,1,1,1,1,1
124.57338866213152,124.71270839002268,53,66,-1,2,1,1,1,1,1,1,1,1,1,1
96.50570884353742,96.64502857142857,54,64,1,1,1,1,1,1,1,1,1,1,1,1
60.17819954648526,60.317519274376416,74,66,1,1,1,1,1,1,1,1,1,1,1,1
134.64565850340134,136.20267936507938,23,55,1,1,1,1,1,1,1,1,1,1,1,1,1,1,1,1,1,1,1,1,1,1,1,1,1,1,1,1,1,1,1,1,1,1,1,1,1,1,1,1,1,1,1,1,1,1,1,1,1,1,1,1,1,1,1,1,1,1,1,1,1,1,1,1,1,1,1,1,1,1,1,1,1,1,1,1,1,1,1,1,1,1,1,1,1,1,1,1,1,1,1,1,1,1,1,1,1,1,1,1,1,1,1,1,1,1,1,1,1,1,1,1,1,1,1,1,1,1,1,1,1,1,1,1,1,1,1,1,1,1,1,1,1,1,1
80.96128798185941,81.29797732426304,42,61,1,1,1,1,1,1,1,1,1,1,1,1,1,1,1,1,1,1,1,1,1,1,1,1,1,1,1,1,1
79.3113873015873,79.67258049886622,54,59,1,1,1,1,1,1,1,1,1,1,1,1,1,1,1,1,1,1,1,1,1,1,1,1,1,1,1,1,1,1,1,1
13.999009977324263,14.37052925170068,71,58,1,1,1,1,1,1,1,1,1,1,1,1,1,1,1,1,1,1,1,1,1,1,1,1,1,1,1,1,1,1,1,1
53.59020680272109,53.84691020408164,62,62,1,1,1,1,1,1,1,1,1,1,1,1,1,1,1,1,1,1,1,1,1,1,1
26.847348299319727,27.00988798185941,58,58,1,1,1,1,1,1,1,1,1,1,1,1,1,1
112.34037913832199,112.47969886621316,57,58,1,1,1,1,1,1,1,1,1,1,1,1
80.92645804988663,81.23992743764173,30,55,2,2,2,1,1,1,1,1,1,1,1,1,1,1,1,1,1,1,1,1,1,1,1,1,1,1,1
19.16801768707483,19.690466666666666,47,56,1,1,1,1,1,1,1,1,1,1,1,1,1,1,1,1,1,1,1,1,1,1,1,1,1,1,1,1,1,1,1,1,1,1,1,1,1,1,1,1,1,1,1,1,1
82.1119596371882,82.49508888888889,47,49,1,1,1,1,1,1,1,1,1,0,1,1,1,1,1,1,1,1,1,1,1,1,1,1,1,1,1,1,1,1,1,1,1
69.63514058956916,69.80929024943312,55,56,1,1,1,1,1,1,1,1,1,1,1,1,1,1,1
28.20699954648526,28.415979138321994,71,39,1,1,1,1,1,1,1,1,1,1,1,1,1,1,1,1,1,1
69.65836054421769,69.8441201814059,50,57,1,1,1,1,1,1,1,1,1,1,1,1,1,1,1,1
20.59732879818594,20.771478458049888,71,43,1,1,1,1,1,1,1,1,1,1,1,1,1,1,1
128.4420789115646,128.72071836734693,70,48,1,1,1,1,1,1,1,1,1,1,1,1,1,1,1,1,1,1,1,1,1,1,1,1
93.2987873015873,93.474220861678,66,49,1,1,1,1,1,1,1,1,1,1,1,1,1,1,1,1
70.80774829931974,70.94706802721089,59,48,1,1,1,1,1,1,1,1,1,1,1,1
78.75410839002268,78.98630793650794,54,39,1,1,1,1,1,1,1,1,1,1,1,1,1,1,1,1,1,1,1,1
94.18242947845805,94.33335918367347,64,45,1,1,1,1,1,1,1,1,1,1,1,1,1
20.21419954648526,20.39995918367347,54,39,1,1,1,1,1,1,1,1,1,1,1,1,1,1,1,1
